{
  "hash": "e35a43d1",
  "browserHash": "75abca4e",
  "optimized": {
    "@angular/common": {
      "src": "../../../../../node_modules/@angular/common/fesm2022/common.mjs",
      "file": "@angular_common.js",
      "fileHash": "7e227687",
      "needsInterop": false
    },
    "@angular/common/http": {
      "src": "../../../../../node_modules/@angular/common/fesm2022/http.mjs",
      "file": "@angular_common_http.js",
      "fileHash": "f9ade4b6",
      "needsInterop": false
    },
    "@angular/core": {
      "src": "../../../../../node_modules/@angular/core/fesm2022/core.mjs",
      "file": "@angular_core.js",
      "fileHash": "36b05850",
      "needsInterop": false
    },
    "@angular/forms": {
      "src": "../../../../../node_modules/@angular/forms/fesm2022/forms.mjs",
      "file": "@angular_forms.js",
      "fileHash": "96886626",
      "needsInterop": false
    },
    "@angular/platform-browser": {
      "src": "../../../../../node_modules/@angular/platform-browser/fesm2022/platform-browser.mjs",
      "file": "@angular_platform-browser.js",
      "fileHash": "efc93c28",
      "needsInterop": false
    },
    "@angular/router": {
      "src": "../../../../../node_modules/@angular/router/fesm2022/router.mjs",
      "file": "@angular_router.js",
      "fileHash": "6edcde26",
      "needsInterop": false
    },
    "jwt-decode": {
      "src": "../../../../../node_modules/jwt-decode/build/esm/index.js",
      "file": "jwt-decode.js",
      "fileHash": "e05b0815",
      "needsInterop": false
    },
    "rxjs": {
      "src": "../../../../../node_modules/rxjs/dist/esm5/index.js",
      "file": "rxjs.js",
      "fileHash": "23c6bc73",
      "needsInterop": false
    },
    "sweetalert2": {
      "src": "../../../../../node_modules/sweetalert2/dist/sweetalert2.all.js",
      "file": "sweetalert2.js",
      "fileHash": "3b970345",
      "needsInterop": true
    }
  },
  "chunks": {
    "chunk-2FA3W2V5": {
      "file": "chunk-2FA3W2V5.js"
    },
    "chunk-SFJMZMPH": {
      "file": "chunk-SFJMZMPH.js"
    },
    "chunk-6HBPEUVG": {
      "file": "chunk-6HBPEUVG.js"
    },
    "chunk-S3NJ77LX": {
      "file": "chunk-S3NJ77LX.js"
    },
    "chunk-AFRS2OIU": {
      "file": "chunk-AFRS2OIU.js"
    },
    "chunk-OXCW2X5T": {
      "file": "chunk-OXCW2X5T.js"
    }
  }
}